Date,return,turnover,holdings
2010-01-31,0.0,0.0,0
2010-02-28,0.0,0.0,0
2010-03-31,0.0,0.0,0
2010-04-30,0.0,0.0,0
2010-05-31,0.0,0.0,0
2010-06-30,0.0,0.0,0
2010-07-31,0.0,0.0,0
2010-08-31,0.0,0.0,0
2010-09-30,0.0,0.0,0
2010-10-31,0.0,0.0,0
2010-11-30,0.0,0.0,0
2010-12-31,0.0,0.0,0
2011-01-31,0.007608695231726484,1.0,35
2011-02-28,0.034039200291380876,0.2857142857142857,35
2011-03-31,0.03162339326960432,0.2857142857142857,35
2011-04-30,0.030955413400639245,0.22857142857142856,35
2011-05-31,-0.013168653837091515,0.2571428571428571,35
2011-06-30,-0.006625071101103413,0.2,35
2011-07-31,-0.031045776927453892,0.22857142857142856,35
2011-08-31,-0.06274772693035692,0.22857142857142856,35
2011-09-30,-0.09372659135061506,0.2571428571428571,35
2011-10-31,0.0859921165528806,0.3142857142857143,35
2011-11-30,0.005477618912213089,0.3194444444444444,36
2011-12-31,0.0049971466868866206,0.2777777777777778,36
2012-01-31,0.019594563643782877,0.2777777777777778,36
2012-02-29,0.04744034766683944,0.3333333333333333,36
2012-03-31,0.0478498068382168,0.2222222222222222,36
2012-04-30,0.02231361479527429,0.2222222222222222,36
2012-05-31,-0.049579337398020215,0.19444444444444445,36
2012-06-30,0.019630289887898913,0.2222222222222222,36
2012-07-31,0.013023505000241152,0.3611111111111111,36
2012-08-31,0.024768399924125363,0.3611111111111111,36
2012-09-30,0.029652366455657244,0.3333333333333333,36
2012-10-31,-0.027666607357685617,0.2777777777777778,36
2012-11-30,0.029231486562376927,0.19444444444444445,36
2012-12-31,0.014991506064702826,0.25,36
2013-01-31,0.06225398087225074,0.19444444444444445,36
2013-02-28,0.02177060875417417,0.19444444444444445,36
2013-03-31,0.04564140844316077,0.2777777777777778,36
2013-04-30,0.04137449276554105,0.2777777777777778,36
2013-05-31,0.08645437973655788,0.25,36
2013-06-30,-0.019490032602549077,0.16666666666666666,36
2013-07-31,0.0803510114382112,0.19444444444444445,36
2013-08-31,-0.005807816394162137,0.1388888888888889,36
2013-09-30,0.07042715565080987,0.19444444444444445,36
2013-10-31,0.03453368035227764,0.19444444444444445,36
2013-11-30,0.026698144602205154,0.2222222222222222,36
2013-12-31,0.02260728117538401,0.19444444444444445,36
2014-01-31,0.014711975614359904,0.25,36
2014-02-28,0.06685726802554418,0.2222222222222222,36
2014-03-31,-0.031753006502575724,0.19444444444444445,36
2014-04-30,-0.018825479250790166,0.25,36
2014-05-31,0.04838723359409539,0.3055555555555556,36
2014-06-30,0.048440940836989965,0.2222222222222222,36
2014-07-31,-0.019516711794080103,0.1111111111111111,36
2014-08-31,0.04904320967999738,0.2777777777777778,36
2014-09-30,-0.021827948650199706,0.25,36
2014-10-31,0.03304700177527881,0.3055555555555556,36
2014-11-30,0.03482262797616737,0.3333333333333333,36
2014-12-31,-0.002673439414985308,0.1388888888888889,36
2015-01-31,0.005044683573768435,0.3055555555555556,36
2015-02-28,0.02799841294579864,0.3611111111111111,36
2015-03-31,-0.0041327670495538175,0.3333333333333333,36
2015-04-30,-0.02765357416966575,0.25,36
2015-05-31,0.0458837185831477,0.19444444444444445,36
2015-06-30,0.010690118942383961,0.19444444444444445,36
2015-07-31,0.034608620209039355,0.16666666666666666,36
2015-08-31,-0.048758015927736736,0.25,36
2015-09-30,-0.004791209881688827,0.25,36
2015-10-31,0.07207959978527556,0.1388888888888889,36
2015-11-30,0.009559737396439031,0.16666666666666666,36
2015-12-31,-0.001572972750812029,0.16666666666666666,36
2016-01-31,-0.055647895950891826,0.2222222222222222,36
2016-02-29,-0.020474364502983317,0.3333333333333333,36
2016-03-31,0.07351346800273922,0.2222222222222222,36
2016-04-30,-0.005746254850062418,0.16666666666666666,36
2016-05-31,0.04136841262877829,0.1388888888888889,36
2016-06-30,0.043638713960656036,0.1111111111111111,36
2016-07-31,0.030391211306510717,0.2222222222222222,36
2016-08-31,-0.01006846844013878,0.19444444444444445,36
2016-09-30,0.016887586031700194,0.2777777777777778,36
2016-10-31,-0.0379408080439437,0.25,36
2016-11-30,0.03314136501471859,0.2777777777777778,36
2016-12-31,0.008046101959709548,0.4444444444444444,36
2017-01-31,0.026173729870062532,0.2777777777777778,36
2017-02-28,0.02393709218727618,0.25,36
2017-03-31,0.016677864645245347,0.2222222222222222,36
2017-04-30,0.013261513541423155,0.2222222222222222,36
2017-05-31,0.039202274143180636,0.19444444444444445,36
2017-06-30,-0.006099539126967165,0.1111111111111111,36
2017-07-31,0.03800060842061177,0.19444444444444445,36
2017-08-31,0.011655680344101632,0.19444444444444445,36
2017-09-30,0.03696290065918863,0.1388888888888889,36
2017-10-31,0.04899850884412127,0.16666666666666666,36
2017-11-30,0.012673263630070195,0.3333333333333333,36
2017-12-31,-0.007087229292715093,0.16666666666666666,36
2018-01-31,0.0685020368618075,0.2222222222222222,36
2018-02-28,-0.019988777748596535,0.2222222222222222,36
2018-03-31,-0.015004307843773351,0.25,36
2018-04-30,-0.0036287843265432047,0.1111111111111111,36
2018-05-31,0.05020358622290952,0.2777777777777778,36
2018-06-30,-0.005159941887331157,0.19444444444444445,36
2018-07-31,0.026424432700785618,0.2222222222222222,36
2018-08-31,0.058979947993211004,0.25,36
2018-09-30,0.018526495040357114,0.2222222222222222,36
2018-10-31,-0.0987734503909636,0.1111111111111111,36
2018-11-30,0.011207070293537093,0.2222222222222222,36
2018-12-31,-0.0784165771625578,0.19444444444444445,36
2019-01-31,0.0773525854996785,0.4722222222222222,36
2019-02-28,0.028623058588942887,0.3055555555555556,36
2019-03-31,0.01060587296188215,0.3611111111111111,36
2019-04-30,0.0006286159136568626,0.3055555555555556,36
2019-05-31,-0.030449935261791503,0.3333333333333333,36
2019-06-30,0.05138906783376172,0.19444444444444445,36
2019-07-31,0.017803159171710187,0.3611111111111111,36
2019-08-31,0.02507084832069172,0.3055555555555556,36
2019-09-30,-0.0014617823606408909,0.3888888888888889,36
2019-10-31,0.005711028377209555,0.3611111111111111,36
2019-11-30,0.021050161225456186,0.3055555555555556,36
2019-12-31,0.030366266986895145,0.2777777777777778,36
2020-01-31,0.022637615317225405,0.2222222222222222,36
2020-02-29,-0.05587202189134912,0.3333333333333333,36
2020-03-31,-0.09806497775527391,0.3333333333333333,36
2020-04-30,0.12219989245906941,0.4166666666666667,36
2020-05-31,0.05891746683880989,0.2222222222222222,36
2020-06-30,0.035456244561828464,0.16666666666666666,36
2020-07-31,0.08502503253939149,0.2222222222222222,36
2020-08-31,0.06972646637853103,0.19444444444444445,36
2020-09-30,-0.03260516350794826,0.16666666666666666,36
2020-10-31,-0.0380702601245888,0.19444444444444445,36
2020-11-30,0.09220695486112081,0.25,36
2020-12-31,0.02850721688089106,0.16666666666666666,36
2021-01-31,0.018571563477245395,0.19444444444444445,36
2021-02-28,0.04060419629858138,0.16666666666666666,36
2021-03-31,0.025555695493114157,0.3888888888888889,36
2021-04-30,0.03813575148648649,0.19444444444444445,36
2021-05-31,0.05107581508455384,0.19444444444444445,36
2021-06-30,0.005683573936305105,0.2222222222222222,36
2021-07-31,-0.015016344906029306,0.16666666666666666,36
2021-08-31,0.017630859640020764,0.3055555555555556,36
2021-09-30,0.0023883473338060764,0.25,36
2021-10-31,0.10664690215876273,0.19444444444444445,36
2021-11-30,-0.028157523381519497,0.25,36
2021-12-31,0.028895854166242217,0.3055555555555556,36
2022-01-31,-0.03860918098109086,0.3611111111111111,36
2022-02-28,-0.005442308387066508,0.3611111111111111,36
2022-03-31,0.06450764688238084,0.3333333333333333,36
2022-04-30,-0.05723308271501406,0.19444444444444445,36
2022-05-31,0.04276427477711862,0.25,36
2022-06-30,-0.10988931449763777,0.3055555555555556,36
2022-07-31,0.04623874529000897,0.1111111111111111,36
2022-08-31,0.012198868871835335,0.16666666666666666,36
2022-09-30,-0.07288179173832096,0.19444444444444445,36
2022-10-31,0.14899060295036987,0.16666666666666666,36
2022-11-30,0.03035037850741957,0.2222222222222222,36
2022-12-31,-0.040050047472587134,0.1388888888888889,36
2023-01-31,0.006138049462437429,0.16666666666666666,36
2023-02-28,-0.0548071265643977,0.2777777777777778,36
2023-03-31,0.0013436855330509947,0.3333333333333333,36
2023-04-30,0.005358962442491419,0.3888888888888889,36
2023-05-31,-0.02042492560675109,0.2777777777777778,36
2023-06-30,0.08047885942617586,0.2777777777777778,36
2023-07-31,0.027591204549667094,0.2222222222222222,36
2023-08-31,-0.0006380029282144666,0.19444444444444445,36
2023-09-30,-0.05616646247303954,0.1388888888888889,36
2023-10-31,-0.0195280460777665,0.2777777777777778,36
2023-11-30,0.10869370277267579,0.2222222222222222,36
2023-12-31,0.05232677213946521,0.1111111111111111,36
2024-01-31,0.033638687873195634,0.2222222222222222,36
2024-02-29,0.07403820376679661,0.16666666666666666,36
2024-03-31,0.045380155906327074,0.2222222222222222,36
2024-04-30,-0.04316500413992149,0.1388888888888889,36
2024-05-31,0.04322061425333521,0.3055555555555556,36
2024-06-30,0.015007571282258249,0.2777777777777778,36
2024-07-31,-0.009318795024123175,0.25,36
2024-08-31,0.040488667060210565,0.3333333333333333,36
2024-09-30,0.005655575021892952,0.25,36
2024-10-31,-0.017528605714336433,0.2777777777777778,36
2024-11-30,0.09133253988312377,0.3333333333333333,36
2024-12-31,-0.050004372486172066,0.1111111111111111,36
